participant_id,snippet_id,version_A_source,version_B_source,A_clarity,A_readability,A_meaningfulness,B_clarity,B_readability,B_meaningfulness,preference
P1,01,Human,LLM,5,4,4,5,4,4,B
P1,02,LLM,Human,5,4,3,2,1,4,none
P1,03,Human,LLM,1,4,2,2,2,4,A
P1,04,Human,LLM,3,4,4,5,5,4,none
P1,05,LLM,Human,4,4,2,4,4,4,B
P1,06,Human,LLM,2,4,4,2,5,5,A
P1,07,LLM,Human,3,4,3,3,4,5,A
P1,08,LLM,Human,5,5,2,4,4,1,A
P1,09,LLM,Human,5,3,4,4,5,5,A
P1,10,LLM,Human,1,4,5,4,3,4,A
P1,11,Human,LLM,4,4,4,3,3,2,A
P1,12,Human,LLM,2,3,2,4,5,4,A
P1,13,LLM,Human,4,5,2,2,5,4,B
P1,14,Human,LLM,4,4,2,3,4,4,B
P1,15,LLM,Human,4,5,3,3,3,4,B
P1,16,LLM,Human,5,5,1,4,4,2,B
P1,17,Human,LLM,4,3,4,2,3,3,B
P1,18,LLM,Human,4,4,5,5,4,4,B
P1,19,Human,LLM,5,2,5,4,5,4,B
P1,20,LLM,Human,4,3,4,4,5,4,A
P1,21,LLM,Human,5,2,4,5,2,4,B
P1,22,LLM,Human,5,3,4,4,4,3,A
P1,23,Human,LLM,4,3,2,4,4,4,B
P1,24,LLM,Human,4,5,5,1,4,4,B
P1,25,Human,LLM,3,4,5,5,5,5,none
P2,01,LLM,Human,3,5,3,4,3,5,B
P2,02,Human,LLM,4,4,5,4,3,4,B
P2,03,LLM,Human,2,4,3,5,4,5,B
P2,04,Human,LLM,3,4,4,4,2,5,B
P2,05,LLM,Human,4,5,5,3,1,5,none
P2,06,LLM,Human,4,5,2,4,4,5,A
P2,07,LLM,Human,5,3,5,3,2,4,B
P2,08,Human,LLM,5,4,5,5,3,4,B
P2,09,Human,LLM,5,4,4,3,5,4,B
P2,10,Human,LLM,3,4,4,3,5,4,A
P2,11,Human,LLM,3,4,4,5,4,3,B
P2,12,Human,LLM,4,3,4,5,4,5,B
P2,13,Human,LLM,4,4,3,4,4,2,none
P2,14,Human,LLM,3,3,5,3,2,5,B
P2,15,Human,LLM,4,4,5,4,5,4,none
P2,16,LLM,Human,3,5,5,5,5,5,none
P2,17,LLM,Human,5,5,4,4,5,3,A
P2,18,LLM,Human,4,4,4,3,4,4,A
P2,19,Human,LLM,5,4,5,4,3,5,A
P2,20,LLM,Human,5,5,3,4,4,3,B
P2,21,LLM,Human,5,3,4,5,2,3,A
P2,22,LLM,Human,3,3,4,3,4,2,B
P2,23,Human,LLM,4,5,5,1,5,4,A
P2,24,LLM,Human,5,4,4,5,5,4,A
P2,25,Human,LLM,4,5,4,4,4,4,A
P3,01,Human,LLM,4,4,5,5,5,4,A
P3,02,Human,LLM,4,4,2,4,5,3,A
P3,03,LLM,Human,4,4,4,5,3,5,B
P3,04,LLM,Human,5,4,4,2,5,3,B
P3,05,LLM,Human,5,2,2,3,5,4,A
P3,06,LLM,Human,4,3,5,4,3,4,A
P3,07,Human,LLM,5,4,5,3,4,4,A
P3,08,Human,LLM,4,5,4,5,3,4,none
P3,09,Human,LLM,3,4,3,5,5,5,B
P3,10,Human,LLM,2,4,4,2,4,1,B
P3,11,LLM,Human,4,4,4,5,4,3,B
P3,12,LLM,Human,4,4,4,5,5,4,A
P3,13,Human,LLM,4,3,3,5,4,4,A
P3,14,Human,LLM,4,4,4,4,4,4,none
P3,15,LLM,Human,4,4,4,5,4,4,B
P3,16,LLM,Human,4,4,4,3,4,5,A
P3,17,LLM,Human,1,4,4,3,4,4,B
P3,18,Human,LLM,3,5,4,4,4,3,B
P3,19,LLM,Human,5,4,4,5,4,3,A
P3,20,Human,LLM,3,4,5,4,5,5,none
P3,21,LLM,Human,4,4,4,2,2,2,B
P3,22,LLM,Human,5,4,4,2,1,3,none
P3,23,LLM,Human,4,5,3,5,2,2,A
P3,24,LLM,Human,4,5,3,5,5,2,A
P3,25,LLM,Human,4,4,4,4,5,4,B
P4,01,Human,LLM,3,4,4,4,2,5,B
P4,02,LLM,Human,5,4,3,2,3,4,B
P4,03,LLM,Human,4,5,4,1,3,3,A
P4,04,Human,LLM,2,3,3,5,4,5,B
P4,05,LLM,Human,3,3,3,3,3,2,none
P4,06,Human,LLM,4,5,5,4,4,3,B
P4,07,LLM,Human,4,4,4,4,5,5,B
P4,08,Human,LLM,1,3,4,5,4,1,A
P4,09,Human,LLM,5,4,5,3,4,4,A
P4,10,LLM,Human,5,4,5,5,4,4,B
P4,11,LLM,Human,3,3,4,4,4,4,A
P4,12,Human,LLM,1,2,3,3,5,5,B
P4,13,Human,LLM,1,5,4,2,4,4,A
P4,14,LLM,Human,4,2,3,2,3,5,B
P4,15,LLM,Human,2,4,5,4,3,1,none
P4,16,LLM,Human,4,5,2,5,4,3,A
P4,17,Human,LLM,3,4,4,4,4,4,B
P4,18,LLM,Human,3,4,4,2,2,5,B
P4,19,Human,LLM,3,5,3,1,5,5,A
P4,20,Human,LLM,4,5,4,4,4,5,A
P4,21,LLM,Human,5,5,5,3,4,5,A
P4,22,LLM,Human,4,4,5,4,5,5,A
P4,23,Human,LLM,3,5,3,5,4,2,none
P4,24,Human,LLM,2,5,1,3,5,5,A
P4,25,LLM,Human,5,4,4,4,2,4,A
P5,01,Human,LLM,4,5,4,5,4,4,none
P5,02,Human,LLM,3,4,3,4,3,5,B
P5,03,Human,LLM,4,2,3,4,2,3,B
P5,04,LLM,Human,4,4,3,4,4,3,none
P5,05,LLM,Human,4,4,4,4,4,3,B
P5,06,Human,LLM,4,4,5,4,4,4,A
P5,07,LLM,Human,5,5,3,5,4,4,B
P5,08,LLM,Human,5,5,2,4,4,3,B
P5,09,Human,LLM,1,5,4,1,5,5,none
P5,10,Human,LLM,5,4,5,5,5,3,A
P5,11,Human,LLM,3,3,3,5,5,4,none
P5,12,LLM,Human,3,4,2,4,2,4,B
P5,13,LLM,Human,5,4,4,3,5,5,A
P5,14,LLM,Human,4,4,3,5,5,5,A
P5,15,LLM,Human,5,5,4,2,4,3,B
P5,16,Human,LLM,4,4,5,4,3,4,A
P5,17,LLM,Human,3,4,4,3,4,4,B
P5,18,LLM,Human,5,4,4,5,3,4,B
P5,19,Human,LLM,4,4,4,4,3,2,A
P5,20,LLM,Human,5,3,3,4,4,4,A
P5,21,Human,LLM,4,4,4,5,5,4,B
P5,22,Human,LLM,4,5,3,5,3,4,B
P5,23,LLM,Human,4,5,4,5,4,2,A
P5,24,LLM,Human,5,5,5,2,3,4,A
P5,25,Human,LLM,2,4,5,5,3,5,A
P6,01,Human,LLM,4,5,3,5,5,4,A
P6,02,LLM,Human,5,5,4,4,2,5,A
P6,03,LLM,Human,4,5,4,1,3,3,A
P6,04,LLM,Human,3,2,4,3,4,4,A
P6,05,LLM,Human,4,5,5,4,3,4,A
P6,06,LLM,Human,5,5,4,2,4,4,A
P6,07,Human,LLM,3,3,3,4,4,4,B
P6,08,LLM,Human,4,4,4,4,5,3,A
P6,09,Human,LLM,5,4,5,4,5,4,A
P6,10,Human,LLM,4,4,4,4,3,5,none
P6,11,Human,LLM,4,2,2,4,5,4,A
P6,12,LLM,Human,2,5,4,4,4,5,A
P6,13,Human,LLM,4,5,2,4,4,2,none
P6,14,Human,LLM,3,4,5,4,4,2,A
P6,15,LLM,Human,4,4,4,4,4,4,A
P6,16,Human,LLM,4,4,4,2,4,5,B
P6,17,Human,LLM,3,3,3,4,2,4,A
P6,18,Human,LLM,2,4,4,4,3,3,B
P6,19,LLM,Human,5,4,5,3,4,2,A
P6,20,LLM,Human,4,4,4,4,3,4,A
P6,21,LLM,Human,3,5,4,4,3,3,A
P6,22,Human,LLM,2,3,5,5,5,3,A
P6,23,LLM,Human,4,4,2,4,3,4,A
P6,24,Human,LLM,3,4,5,4,4,2,A
P6,25,LLM,Human,4,4,4,3,4,5,A
P7,01,LLM,Human,5,4,4,3,4,2,B
P7,02,LLM,Human,4,2,5,4,3,5,B
P7,03,LLM,Human,4,4,3,4,4,5,A
P7,04,Human,LLM,2,2,3,3,3,4,B
P7,05,LLM,Human,5,4,4,4,4,4,A
P7,06,Human,LLM,4,5,4,5,4,4,B
P7,07,LLM,Human,4,5,4,3,2,4,A
P7,08,LLM,Human,4,4,4,5,2,4,B
P7,09,LLM,Human,4,5,4,2,5,4,none
P7,10,LLM,Human,4,4,5,4,5,5,none
P7,11,Human,LLM,2,4,2,5,5,4,B
P7,12,Human,LLM,3,5,4,5,5,2,none
P7,13,Human,LLM,3,3,4,4,3,5,B
P7,14,Human,LLM,4,3,2,4,5,3,A
P7,15,Human,LLM,4,2,4,3,4,4,B
P7,16,LLM,Human,3,5,5,5,5,2,none
P7,17,Human,LLM,4,1,3,5,4,5,B
P7,18,LLM,Human,5,3,3,4,4,4,A
P7,19,Human,LLM,4,4,5,4,4,3,B
P7,20,LLM,Human,5,4,5,4,2,4,B
P7,21,Human,LLM,5,4,5,5,3,3,A
P7,22,Human,LLM,4,5,3,5,4,4,B
P7,23,Human,LLM,4,4,4,3,3,4,A
P7,24,Human,LLM,2,4,4,5,5,4,none
P7,25,LLM,Human,3,3,4,4,5,2,B
P8,01,Human,LLM,5,5,5,4,4,4,B
P8,02,LLM,Human,3,3,3,2,4,4,B
P8,03,LLM,Human,2,5,4,5,4,4,none
P8,04,Human,LLM,5,1,3,3,5,4,A
P8,05,LLM,Human,5,3,2,3,4,4,B
P8,06,LLM,Human,5,4,4,4,4,5,A
P8,07,LLM,Human,1,4,4,3,4,4,A
P8,08,LLM,Human,5,4,5,4,1,5,A
P8,09,LLM,Human,4,4,4,3,2,3,A
P8,10,Human,LLM,2,4,5,3,4,4,B
P8,11,Human,LLM,5,4,5,4,3,3,A
P8,12,Human,LLM,5,2,3,5,5,3,A
P8,13,LLM,Human,4,5,4,1,4,3,A
P8,14,Human,LLM,2,4,3,5,4,4,A
P8,15,LLM,Human,5,4,3,4,4,5,none
P8,16,LLM,Human,3,4,4,5,3,3,A
P8,17,LLM,Human,4,4,4,4,3,4,none
P8,18,LLM,Human,5,5,4,4,4,5,A
P8,19,LLM,Human,5,4,4,4,3,2,A
P8,20,Human,LLM,4,4,3,4,4,4,B
P8,21,Human,LLM,1,3,4,4,4,2,B
P8,22,LLM,Human,4,4,3,5,1,3,none
P8,23,Human,LLM,5,2,5,5,3,4,B
P8,24,Human,LLM,5,3,3,3,3,4,B
P8,25,Human,LLM,5,5,5,4,5,4,A
